user,email_count,attachment_count,email_size_total,avg_email_size
AAB0224,3683,0,110371394,29967.796361661687
AAD0986,2995,0,89379912,29843.04240400668
AAH0706,339,166,10273629,30305.690265486726
AAR0566,3043,623,91746748,30150.097929674663
AAT0419,3018,1120,90079529,29847.42511597084
ABB0427,1565,627,46940696,29994.054952076676
ABC0207,4687,2058,141541778,30198.80051205462
ABD0879,5098,2412,152820644,29976.587681443703
ABS0840,332,0,10023529,30191.352409638555
ACB0578,338,160,9883632,29241.51479289941
ACB0864,5066,2190,152631509,30128.604224240033
ACD0744,5038,0,152188992,30208.215958713776
ACG0789,4679,0,140665467,30063.147467407565
ACH0737,5051,1691,151300046,29954.47356959018
ACM0091,3014,0,90571193,30050.163570006636
ACM0931,3540,1931,106627101,30120.65
ACR0280,1013,621,30630684,30237.59526159921
ACS0705,332,72,9857708,29691.89156626506
ACT0844,332,208,9657658,29089.331325301206
ACW0260,3013,2652,89934400,29848.788582807832
ACW0382,3043,1200,90030131,29585.977982254353
AEB0275,3025,1173,90508497,29920.16429752066
AEH0281,1006,385,29913097,29734.688866799206
AEH0387,3045,0,91493022,30046.96945812808
AEO0038,3673,0,110260020,30019.063435883472
AEW0655,1008,731,30302655,30062.157738095237
AFB0798,2993,0,89582059,29930.524223187436
AFP0901,1000,553,29735942,29735.942
AGH0396,3009,1826,89479193,29737.18610834164
AGM0783,1005,0,29884894,29736.212935323383
AHF0181,1018,632,30525091,29985.354616895875
AHM0795,2976,1439,88842125,29852.864583333332
AHR0528,1030,816,30594412,29703.312621359222
AIB0988,3045,604,91711827,30118.826600985223
AIH0090,3630,0,108448306,29875.566391184573
AJB0513,1017,148,30116332,29612.91248770895
AJH0483,5079,3722,152616497,30048.532585154557
AJH0734,5036,2730,153047862,30390.758935663223
AJJ0621,5005,4123,150293729,30028.717082917083
AJT0134,336,62,10208638,30382.85119047619
AJW0342,1220,726,36266422,29726.575409836067
AKG0103,2981,0,90059682,30211.23180140892
AKH0924,3051,1355,92361232,30272.445755490004
AKM0264,3024,2192,90453061,29911.726521164022
AKM0495,5060,3931,151514970,29943.669960474308
AKQ0686,3049,1723,91443156,29991.195801902264
AKS0812,3009,1524,89924928,29885.32003988036
ALG0082,3023,2603,90435835,29915.922924247436
ALH0731,5061,2035,152083937,30050.175261805965
ALK0315,5029,0,151508777,30127.018691588786
AMB0288,333,327,9910961,29762.645645645647
AMH0388,3018,2475,90535205,29998.411199469847
AMJ0727,5038,0,149997586,29773.24057165542
AMR0027,3676,2334,110028665,29931.628128400436
AMW0072,3697,2250,111032361,30033.097376251015
AMZ0993,2457,0,73130440,29764.118844118842
ANC0037,4718,2539,141965005,30090.081602373888
ANC0040,3679,1217,110215784,29958.082087523784
APM0794,3018,1356,90863684,30107.251159708416
ARS0405,3044,0,91480146,30052.61038107753
ARS0549,2516,1366,76007864,30209.802861685213
ART0659,1004,0,30251826,30131.30079681275
ASC0636,994,175,30200158,30382.452716297787
ASD0077,5965,2360,180084099,30190.125565800503
ASF0450,336,327,10095895,30047.306547619046
ASH0225,3684,1547,111041118,30141.454397394136
ASW0368,3652,638,108836839,29801.982201533407
ATB0075,5667,1154,170220699,30037.179989412387
ATC0286,2991,1961,89464346,29911.182213306587
ATK0902,997,328,29851915,29941.740220661984
ATM0889,1015,439,30772633,30317.86502463054
ATP0664,4364,856,130632960,29934.225481209898
AUH0522,1029,671,30754123,29887.38872691934
AUS0412,3016,544,89616701,29713.76027851459
AUT0313,6263,1329,187406231,29922.757624141785
AVW0409,3003,2011,90940865,30283.33832833833
AWG0170,2259,1165,66541577,29456.209384683487
AXW0121,2919,0,87929164,30123.0435080507
AYA0403,3894,1931,117186955,30094.236004108887
AYG0410,3024,2454,89605900,29631.580687830687
AYM0107,3021,0,91253330,30206.332340284673
AYW0772,1012,546,30536742,30174.646245059288
BAG0449,339,0,10176667,30019.666666666668
BAM0135,339,305,10080585,29736.2389380531
BBS0032,4650,0,139945844,30095.880430107525
BBW0463,264,232,7780585,29471.91287878788
BCA0609,5041,4439,152053369,30163.33445744892
BCB0186,613,217,18168413,29638.52039151713
BCC0335,1005,0,30135842,29985.912437810945
BCC0825,336,132,10580762,31490.363095238095
BCE0013,5746,1193,171325270,29816.441002436477
BCE0425,3035,0,91659702,30200.890280065898
BCF0309,5069,4004,152054302,29996.903136713354
BCH0676,3027,1813,92074243,30417.655434423523
BCL0002,3666,0,111187374,30329.343698854336
BCO0270,2953,2138,88975048,30130.392143582798
BCS0212,4704,3127,141191512,30015.20238095238
BEF0278,3061,595,92493193,30216.658934988565
BFF0257,3020,1831,90228116,29876.859602649005
BFM0761,1005,204,30137835,29987.89552238806
BFN0452,337,196,10026747,29752.958456973294
BGD0030,3687,2923,111229256,30167.956604285326
BGD0554,3030,1228,91790719,30293.966666666667
BGR0223,3729,3018,111447026,29886.571735049612
BGW0394,3018,2637,90371124,29944.043737574553
BHV0556,3991,937,120163028,30108.501127536958
BIM0294,362,197,10951120,30251.71270718232
BIS0856,5021,2786,150839616,30041.747858992232
BJH0900,1011,171,30247881,29918.774480712167
BJS0097,3403,618,101110199,29712.07728474875
BJW0369,3718,1867,111341909,29946.721086605703
BKC0344,1012,684,30405133,30044.597826086956
BKF0481,4997,0,148961706,29810.22733640184
BKO0594,338,0,10145471,30016.186390532544
BLG0869,4625,2442,139077678,30070.849297297296
BLW0992,3009,2319,89990704,29907.17979395148
BMB0657,1006,180,30412846,30231.45725646123
BMV0969,331,80,9867879,29812.32326283988
BNB0746,2942,1976,88982626,30245.624065261727
BNO0995,437,301,12988336,29721.59267734554
BOR0893,992,165,30301409,30545.7752016129
BOW0011,6042,0,181934110,30111.570671962927
BPC0693,3360,2075,100877959,30023.202083333334
BQM0953,334,289,10286139,30796.823353293414
BRR0245,3019,590,90157386,29863.327591917852
BSH0514,1002,601,29669459,29610.238522954092
BSO0745,1317,496,39232742,29789.477600607443
BTB0254,3015,2428,90202813,29918.014262023218
BTH0930,2990,2334,89727760,30009.284280936456
BTM0477,2960,993,89533979,30247.965878378378
BTM0865,5309,3203,159591775,30060.60934262573
BTP0147,4718,3050,140455124,29770.05595591352
BTS0268,3028,612,90870170,30009.96367239102
BUC0063,6661,4053,199939366,30016.418856027623
BUL0575,335,297,9841663,29378.098507462688
BVM0909,1008,820,30435708,30194.154761904763
BWR0897,1022,395,30490971,29834.609589041094
BYH0314,4961,0,148938636,30021.898004434588
BZS0711,334,0,9894863,29625.338323353295
CAB0538,989,345,29703141,30033.509605662286
CAB0569,3024,1200,90074314,29786.479497354496
CAB0691,3021,1584,90506050,29958.970539556438
CAC0244,3014,0,90714815,30097.81519575315
CAF0622,5051,775,151693746,30032.418530983963
CAF0830,399,60,11886696,29791.218045112782
CAH0695,3012,1062,90289940,29976.739707835324
CAH0932,2996,757,90202673,30107.70126835781
CAJ0283,1021,220,31153571,30512.802154750243
CAL0469,336,156,10107844,30082.869047619046
CAM0750,5002,1718,149357449,29859.545981607356
CAN0629,5066,0,152256315,30054.543031977893
CAO0060,3006,1366,89140401,29654.15868263473
CAP0945,334,75,10005795,29957.47005988024
CAS0715,336,0,10086032,30017.95238095238
CAW0160,6048,0,182860094,30234.8039021164
CAY0024,3611,1252,108397109,30018.584602603158
CBJ0720,334,71,9939597,29759.27245508982
CBN0480,5064,1880,151573063,29931.489533965247
CBP0445,1041,440,30750699,29539.57636887608
CCE0322,5069,3072,152094262,30004.786348392186
CCF0150,1672,406,49702241,29726.220693779906
CCG0050,6047,4062,182762913,30223.732925417564
CCG0138,337,243,9957417,29547.231454005934
CCH0439,2989,1255,88439998,29588.490465038474
CCM0069,3004,1065,89992267,29957.479027962716
CCM0732,2631,1445,78945389,30005.849106803496
CCN0611,5008,3618,148673303,29687.161142172525
CCP0472,387,313,11645686,30092.21188630491
CCS0005,9029,3419,272552866,30186.384538708604
CCV0520,1038,625,31443702,30292.583815028902
CCW0209,6192,3488,186255166,30079.968669250648
CCZ0801,2957,508,88953764,30082.43625295908
CDL0364,3703,808,110490587,29838.12773426951
CDM0332,1018,792,30456408,29917.88605108055
CEC0448,330,0,9934460,30104.424242424244
CGO0668,3015,2360,89310210,29621.960199004974
CGP0849,457,78,13841151,30286.98249452954
CHP0443,3015,505,90100692,29884.14328358209
CIH0704,330,216,9955510,30168.21212121212
CJA0710,333,0,10000189,30030.597597597596
CJD0114,3359,2049,100979359,30062.327776123846
CJG0899,1004,511,30236724,30116.258964143428
CJL0436,766,491,23027614,30062.159268929503
CJM0243,2953,656,88900234,30105.057229935657
CJS0906,995,618,29483616,29631.77487437186
CKB0641,1007,656,30057060,29848.123138033763
CKH0125,3053,1817,91692334,30033.51916148051
CKH0187,1008,604,30173725,29934.25099206349
CKH0363,3693,0,110829661,30010.73950717574
CKN0515,1009,864,30253424,29983.571853320118
CKO0978,3699,1245,111023677,30014.511219248445
CKR0339,1008,0,30186199,29946.62599206349
CLB0875,4998,915,148587885,29729.468787515005
CLB0970,337,296,10299606,30562.629080118695
CLL0475,335,135,10089303,30117.3223880597
CLM0462,334,90,10309342,30866.29341317365
CLR0343,1002,363,30471678,30410.85628742515
CLT0683,3049,1207,91158462,29897.822892751723
CMB0273,2676,536,80955277,30252.3456651719
CMC0823,336,183,10325581,30730.895833333332
CMG0936,3022,1533,90781612,30040.24222369292
CMG0958,333,182,9947936,29873.681681681683
CMH0589,462,310,13828631,29932.10173160173
CMH0673,3434,1869,102647494,29891.524170064065
CMH0996,2989,2155,89723410,30017.868852459018
CMP0740,5067,1683,152495815,30095.878231695282
CMW0482,5029,0,151183064,30062.25173990853
CNA0033,4658,1672,139118287,29866.527908973807
CNC0235,3035,534,90302406,29753.675782537066
CNO0239,3018,2340,91241897,30232.570245195493
COB0411,3033,1088,91776287,30259.24398285526
CPB0401,3050,2186,91537365,30012.250819672132
CPC0679,3006,2431,90444771,30088.080838323353
CPM0326,6802,3580,203848383,29968.889003234344
CQG0603,5057,930,151987764,30054.92663634566
CRF0139,338,0,10138204,29994.686390532544
CRH0101,2962,1142,88592874,29909.815665091155
CRS0346,471,335,14237203,30227.60721868365
CSC0373,2846,1173,85366596,29995.290231904426
CSD0234,3026,659,90383720,29869.04163912756
CSK0084,3010,0,90153508,29951.331561461793
CSM0631,1407,270,41682081,29624.79104477612
CSO0404,3008,0,90298409,30019.417885638297
CSQ0133,331,0,10006001,30229.610271903322
CSS0046,3722,2022,112454176,30213.37345513165
CSW0526,1014,511,30602796,30180.27218934911
CTC0119,4700,3512,141403999,30085.957234042555
CTS0085,3614,2415,107948128,29869.43220807969
CVF0020,4866,3876,146543214,30115.744759556103
CWL0357,3646,0,110506758,30309.039495337354
CWM0042,3640,2038,107997285,29669.58379120879
CWS0153,1663,1051,49292447,29640.677690920023
CWW0017,3688,2489,110843745,30055.245390455533
CYG0689,3035,2308,90748522,29900.66622734761
CYT0527,1008,686,29853702,29616.76785714286
DAC0128,3022,1060,90652095,29997.38418266049
DAS0943,3029,2243,90921439,30016.982172334105
DBC0832,353,147,10524055,29813.186968838527
DBF0378,2994,1933,90157583,30112.75317301269
DBW0282,3022,2445,90635264,29991.814692256783
DCB0413,3041,1161,91122676,29964.707661953304
DCH0809,3022,1076,90533262,29958.061548643283
DCR0089,3066,1700,92120136,30045.706457925637
DDA0185,1013,249,30515334,30123.725567620928
DDF0352,6020,0,180387133,29964.640033222593
DDF0592,340,244,10473735,30805.102941176472
DDM0650,1003,0,29863324,29774.001994017945
DDW0976,3704,0,111987284,30234.147948164147
DEL0161,6079,5412,181735618,29895.64369139661
DFH0356,3703,2778,112584123,30403.489873075883
DGM0533,1176,988,35130856,29873.1768707483
DGR0769,1008,178,30245306,30005.26388888889
DGS0220,3632,848,107660661,29642.25247797357
DJC0796,3015,0,91547313,30363.951243781095
DJG0171,5069,2154,152469286,30078.770171631484
DJL0172,5057,2655,151007894,29861.16155823611
DJM0521,1008,188,30389897,30148.70734126984
DJP0146,4698,1856,140326497,29869.411877394636
DLB0852,5065,3993,152850372,30177.763474827247
DLU0276,3035,0,91320137,30089.007248764414
DMR0116,6464,3751,194082455,30025.132271039605
DNB0028,3027,1216,90871069,30020.17476048893
DNC0774,470,76,13534873,28797.602127659575
DNH0023,3689,1377,110975976,30082.942802927624
DNM0767,1007,524,30149356,29939.777557100297
DNM0886,382,246,11840348,30995.675392670157
DOK0341,1015,643,30376071,29927.16354679803
DOO0112,3025,1329,91246480,30164.12561983471
DPP0510,1016,818,30800143,30315.101377952757
DPR0442,1013,684,30160779,29773.72063178677
DQH0709,340,71,9986166,29371.076470588236
DRC0915,3042,1666,91639883,30124.879355687048
DRG0536,4721,0,140639660,29790.226646896845
DRJ0685,3040,2140,91273696,30024.242105263158
DRP0222,3626,0,108325027,29874.524820739105
DSB0210,4691,1617,141492689,30162.585589426562
DSC0751,5025,2217,150048592,29860.41631840796
DSM0263,3036,620,90968233,29963.186100131752
DSR0490,1035,0,31128583,30075.925603864733
DSR0614,5975,3522,179031477,29963.427112970712
DTD0154,3692,2146,111184413,30114.954767063922
DTD0184,993,776,29633616,29842.51359516616
DWB0236,3015,1820,90322860,29957.830845771143
DWO0241,3035,635,90405460,29787.63097199341
DWV0888,1001,413,30056549,30026.522477522478
DYR0956,336,0,9981259,29706.127976190477
EAC0881,998,748,29735317,29794.906813627254
EAW0253,3001,585,89777222,29915.768743752084
EBF0805,3005,0,90286783,30045.51846921797
EBS0397,3021,705,90259086,29877.221449851044
ECD0610,4993,1040,149223575,29886.55617865011
ECM0004,11791,6144,354688258,30081.27029089984
ECM0654,1207,240,36758544,30454.468931234467
ECP0519,1006,388,29897339,29719.02485089463
ECW0454,330,242,9976406,30231.533333333333
EDM0192,6465,3271,193417476,29917.62969837587
EDS0923,3373,1879,101437700,30073.436110287577
EHM0656,1020,0,30991528,30383.850980392155
EIF0451,336,0,10405486,30968.708333333332
EIM0919,3022,1928,90572608,29971.08140304434
EJM0304,337,0,10242122,30392.05341246291
EJM0952,357,245,10428882,29212.55462184874
EKM0667,3055,1008,91497994,29950.243535188216
EKN0665,3023,2421,89910929,29742.285478001984
EKR0933,299,0,8828647,29527.247491638795
ELI0316,5033,3565,150161497,29835.385853367774
ELJ0777,1019,425,30610922,30040.15897939156
ELV0677,2251,952,67686455,30069.504664593514
EMA0586,330,0,9750950,29548.333333333332
EMB0176,3543,0,106247672,29988.053062376515
ENK0530,999,0,30108947,30139.086086086085
EOH0947,402,269,11834043,29437.917910447763
ERG0014,6016,0,180196955,29952.951296542553
ERI0855,5066,0,151875381,29979.348795894195
ESM0937,875,335,25717864,29391.84457142857
ESR0841,330,0,9991348,30276.812121212122
ETR0438,3044,1161,91542096,30072.961892247044
ETS0476,991,389,29891452,30162.918264379416
EVC0546,3031,2415,90955032,30008.258660508083
EWE0055,3040,1610,91066732,29956.161842105263
EYC0203,3034,2201,90169414,29719.64864864865
EYE0188,993,642,29653695,29862.73413897281
EZC0251,3733,2612,111492371,29866.694615590677
EZR0547,3028,0,91004396,30054.291941875825
FAM0784,1003,680,29949436,29859.856430707878
FAM0951,337,66,10177029,30198.899109792284
FAR0632,999,240,29857478,29887.365365365364
FAS0100,2945,0,87867069,29836.016638370118
FBB0213,4667,1640,140176919,30035.765802442682
FBM0537,4860,3263,146555831,30155.520781893003
FCG0716,337,270,10194828,30251.715133531157
FCZ0940,3007,1175,90894570,30227.658796142336
FIB0151,1674,389,50546171,30194.845280764635
FJH0267,3670,1900,110457413,30097.38773841962
FLC0370,3723,891,113084420,30374.54203599248
FMR0062,3727,0,111677048,29964.327341024953
FNH0249,2991,1476,89872548,30047.658976930794
FOB0284,289,148,8701783,30109.97577854671
FOK0402,3036,1155,90867900,29930.138339920948
FPN0308,5050,1736,151449204,29989.941386138613
FRG0349,4704,0,140197833,29803.961096938776
FSD0453,337,75,10200837,30269.545994065284
FWD0759,1018,705,30546224,30006.11394891945
GAG0238,3007,1077,90526153,30105.139008979048
GAM0486,5052,0,151920403,30071.338677751384
GAM0895,926,209,28186197,30438.657667386607
GAN0509,1083,595,33270576,30720.75346260388
GAW0814,772,428,23280225,30155.731865284975
GBG0862,5022,0,149578451,29784.637793707687
GBH0790,3156,1615,95488779,30256.26711026616
GBM0007,11544,1995,342309493,29652.589483714484
GCC0380,3032,0,90895520,29978.73350923483
GCH0567,3589,2050,107372918,29917.22429646141
GCH0698,334,68,10364406,31031.155688622755
GCN0941,3022,1137,89559123,29635.71244209133
GDP0921,3008,1030,90497901,30085.738364361703
GEK0666,3025,640,91865605,30368.795041322315
GES0960,338,87,10399963,30769.121301775147
GFL0196,3671,728,109439391,29811.874421138655
GFM0735,5018,3663,151267666,30145.011159824633
GGB0550,3006,1189,89768812,29863.210911510312
GHG0576,109,0,3268724,29988.29357798165
GHJ0428,4071,2052,120796761,29672.50331613854
GIB0230,3055,1928,91458776,29937.4062193126
GJG0070,3055,1190,91811462,30052.851718494272
GJM0417,3222,1608,96028717,29804.071073867162
GKD0574,332,57,9665357,29112.52108433735
GKP0331,1019,434,30450295,29882.526987242396
GKS0198,3651,655,109791095,30071.51328403177
GLP0981,3012,1266,91462843,30366.14973439575
GLR0612,4705,2843,141463207,30066.56896918172
GLY0989,3020,1568,90348148,29916.605298013244
GMS0954,330,157,9846542,29838.00606060606
GPB0340,671,464,19743455,29423.92697466468
GPR0883,1000,454,30371994,30371.994
GPT0191,4696,3091,141452959,30122.01000851789
GQE0018,3683,2584,110674957,30050.21911485202
GRG0561,3028,2289,90823700,29994.616908850727
GSP0669,3021,1642,89838335,29737.946044356173
GTC0106,3043,1965,90919946,29878.39171869865
GWP0206,4719,0,142016999,30094.723246450518
GWV0408,2984,2136,89461327,29980.337466487934
HAB0094,3381,1666,102014186,30172.78497485951
HAC0779,1007,689,29491131,29286.12810327706
HAK0418,3014,661,90848887,30142.29827471798
HBC0713,336,139,9816495,29215.758928571428
HBM0350,4743,941,142487008,30041.53658022349
HCH0384,3017,544,90192866,29894.884322174345
HCT0682,3028,0,90697264,29952.861294583883
HDG0381,3028,1896,90932668,30030.603698811097
HDH0214,6492,3629,194897025,30021.10674676525
HDW0765,1008,0,30192865,29953.239087301587
HEH0904,1191,847,35258831,29604.39210747271
HES0399,3003,2194,90572992,30160.8364968365
HES0570,3033,1791,91054347,30021.215628091
HFC0492,3163,1617,94876973,29995.881441669302
HFR0434,3036,1256,91402281,30106.153162055336
HGG0458,335,0,10142778,30276.94925373134
HGM0226,3420,600,102337778,29923.326900584794
HHA0699,172,0,5102947,29668.29651162791
HHB0105,3699,779,110388318,29842.74614760746
HHB1000,3018,1120,90840007,30099.40589794566
HKB0608,5753,1081,172942732,30061.312706414046
HKD0507,989,635,29594390,29923.549039433772
HKD0863,5044,826,151614034,30058.29381443299
HKH0329,1006,746,29842143,29664.15805168986
HKH0707,330,283,10160903,30790.61515151515
HKS0065,3030,1668,90501261,29868.40297029703
HMW0829,387,0,11761861,30392.40568475452
HMY0498,3999,1429,119244005,29818.45586396599
HNC0052,3576,0,106671352,29829.796420581657
HNS0376,3036,571,92012391,30307.111660079052
HRP0605,5043,3935,151094227,29961.17925837795
HRY0317,5043,2073,150839103,29910.58953004164
HSD0354,4738,1680,141153229,29791.7325875897
HSS0108,4258,2388,125871236,29561.11695631752
HWL0565,3043,1183,92185302,30294.216891225766
HWW0175,5380,1016,160479251,29828.857063197025
HXD0560,3270,797,99617041,30463.926911314986
HYM0837,336,0,10080450,30001.339285714286
IAF0998,1660,1290,50658238,30517.010843373493
IAG0043,3713,1526,110474162,29753.342849447887
IAJ0882,1010,360,30132769,29834.424752475246
IAM0908,1008,828,29893285,29656.036706349205
IAT0143,3059,974,92343283,30187.40863027133
IBC0320,5095,2094,153093446,30047.781354268893
IBP0601,4699,2333,141184395,30045.625665035113
ICF0824,338,66,10550436,31214.30769230769
IDM0916,3018,1608,91267082,30240.91517561299
IEC0034,4721,0,141087734,29885.137470874815
IEH0096,3032,0,90884302,29975.03364116095
IES0158,3688,1371,111142182,30136.166485900216
IEV0003,9148,5048,272948035,29836.908067337125
IHH0595,335,0,9724566,29028.555223880598
IJV0012,5997,2431,179186790,29879.404702351174
IJW0508,1011,844,30100549,29773.04549950544
IJW0748,5100,1817,152948199,29989.84294117647
ILW0757,1008,186,30112764,29873.77380952381
IMO0780,1025,850,30542972,29798.021463414636
IMV0086,3401,2281,102788650,30223.06674507498
INB0068,3032,1287,90608418,29884.042875989446
INB0959,335,209,10044636,29983.988059701493
INJ0422,2958,1653,88006137,29751.905679513184
IOW0129,3701,1444,110939796,29975.6271278033
IPB0360,3677,0,110213560,29973.77209681806
IRB0398,3025,0,91331164,30192.120330578513
IRG0001,12096,1988,363278523,30032.9466765873
IRG0163,2942,554,88311744,30017.5880353501
IRG0470,335,0,10078299,30084.47462686567
IWG0542,3010,0,89804777,29835.474086378737
IXH0619,5052,1044,152208356,30128.336500395882
JAB0694,2982,2357,89589370,30043.383635144197
JAC0321,5042,0,152688402,30283.30067433558
JAF0300,333,0,10115449,30376.723723723724
JAL0618,5032,0,150270915,29863.05941971383
JBA0421,3044,0,91066426,29916.697109067016
JBG0990,3034,2475,91073091,30017.49868160844
JBO0420,2399,1351,72104107,30055.901208837015
JBW0623,5014,3039,150165566,29949.255285201434
JCH0385,3033,535,90815524,29942.47411803495
JCP0564,3013,1882,91528938,30378.007965482906
JCT0334,993,196,30082555,30294.61732124874
JDH0115,3666,1459,109085182,29755.914348063285
JEC0568,3031,2590,90897383,29989.238865061037
JFW0929,3026,0,90729412,29983.28222075347
JGA0302,337,0,10031825,29768.026706231452
JGB0499,4710,2929,141573323,30058.030360934183
JHB0073,3000,1979,90058648,30019.549333333332
JHF0505,5047,884,152112292,30139.15038636814
JHH0362,3703,1360,109994709,29704.21523089387
JHK0221,3673,1312,110352201,30044.160359379253
JIS0643,327,250,9711485,29698.730886850153
JJB0649,1016,310,30129832,29655.346456692914
JJF0833,330,203,9967092,30203.30909090909
JJK0934,3031,2650,91002385,30023.881557241835
JKA0374,3701,2952,111314813,30076.955687651985
JKB0029,3024,658,89980774,29755.54695767196
JKN0431,3047,0,90866229,29821.538890712174
JKP0596,431,86,12547753,29113.116009280744
JKT0807,3023,2294,90237396,29850.27985444922
JLN0022,3709,0,110610416,29822.166621730925
JLP0053,4670,0,140000056,29978.598715203425
JLP0975,3689,3225,111951103,30347.276497695853
JLR0351,6394,3732,191605725,29966.48811385674
JLS0802,3343,1795,99833556,29863.462758001795
JLS0948,335,230,10009502,29879.110447761195
JLT0593,330,79,9930318,30091.872727272726
JLW0652,997,0,30254903,30345.9408224674
JMS0067,2954,1550,89849661,30416.269803656058
JNB0156,3006,1229,90299709,30039.823353293414
JNL0898,1010,0,30296032,29996.071287128714
JNW0414,2998,2005,90245754,30101.98599066044
JPB0031,4661,1795,141126027,30278.057712937138
JPR0518,715,162,21551380,30141.79020979021
JRB0584,340,180,10437556,30698.694117647057
JRC0983,3020,0,90713762,30037.66953642384
JRO0811,3000,1056,89578762,29859.587333333333
JRW0651,997,714,30275512,30366.61183550652
JSC0054,3006,1021,91349839,30389.167997338656
JSC0123,3720,1930,111847534,30066.54139784946
JSC0836,326,277,10009191,30703.039877300613
JSM0860,5057,0,151982367,30053.85940280799
JTA0497,5057,3994,151488888,29956.276052995847
JTF0661,4756,0,142622281,29987.86396131203
JVA0208,4629,1635,138980104,30023.785698855045
JVH0928,3014,2343,90174936,29918.691439946913
JWF0768,1018,259,30586083,30045.268172888016
JWP0240,3043,0,90465346,29728.999671376932
JXC0672,3031,1075,90928923,29999.644671725502
JXF0248,3021,1259,91344419,30236.48427672956
JYC0762,1007,431,30116363,29907.013902681232
JZM0149,3704,1554,110632199,29868.304265658746
KAB0337,1000,404,30019397,30019.397
KAB0942,3387,644,101995785,30113.901682905227
KAD0703,413,78,12466520,30185.278450363196
KAH0848,360,201,10988062,30522.394444444446
KAW0424,3004,1697,89628730,29836.46138482024
KBD0201,4652,2472,140540155,30210.69539982803
KCP0465,339,64,10065207,29690.87610619469
KCS0607,5000,3353,150798191,30159.6382
KDB0660,1009,0,29896213,29629.54707631318
KDB0753,5068,0,151636907,29920.463101815312
KDD0104,3018,2034,91095436,30184.04108681246
KDG0200,3645,1455,109516331,30045.632647462277
KDH0466,386,71,11767626,30486.077720207253
KDR0131,334,73,9868967,29547.805389221558
KDW0910,1005,351,29896937,29748.196019900497
KES0127,3047,0,91784969,30123.06170003282
KEW0174,5067,2768,153020906,30199.50779553977
KFC0739,5422,1130,163002326,30063.13648100332
KFH0728,5067,1832,151559623,29911.115650286167
KGB0766,1002,235,30391303,30330.641716566864
KHD0782,1014,612,30257588,29839.830374753452
KHF0903,1005,0,29936987,29788.046766169155
KIW0087,2903,515,87601476,30176.188770237684
KJH0166,4727,0,141934628,30026.36513645018
KJH0444,3758,3304,111992785,29801.166844065992
KJK0279,3038,2205,91051237,29970.782422646476
KKB0938,3024,2375,91123626,30133.474206349205
KKI0435,229,46,6996521,30552.49344978166
KKM0182,1010,804,29912811,29616.644554455444
KKR0145,3672,1251,109827560,29909.466230936818
KLC0653,995,221,30402355,30555.130653266333
KLM0524,1009,430,30344415,30073.751238850346
KLN0861,4969,3844,147848005,29754.07627289193
KLW0944,259,50,7732988,29857.096525096524
KMF0771,1210,1059,36112506,29845.046280991737
KNG0390,3014,0,90522354,30033.959522229594
KNG0826,334,257,9948669,29786.434131736525
KNM0008,11550,6935,346606021,30009.179307359307
KNM0095,5057,967,151095656,29878.51611627447
KNW0500,5042,3612,152031242,30152.96350654502
KOL0702,470,103,14016725,29822.81914893617
KOM0197,3688,2950,109325418,29643.551518438177
KQG0168,5010,0,149864083,29912.990618762477
KQL0262,2964,502,88886670,29988.755060728745
KRP0648,1007,195,30535293,30323.031777557102
KSF0379,2996,543,90198728,30106.384512683577
KSP0110,3062,498,91150911,29768.42292619203
KSS0799,2995,2506,89954589,30034.921202003337
KTW0365,1424,1122,42399274,29774.77106741573
KVD0311,5001,1909,149850105,29964.028194361126
KVG0678,3052,2152,91824819,30086.769003931848
KVV0581,330,196,10115714,30653.678787878787
KWM0696,334,275,9790457,29312.745508982036
KXH0473,339,247,10625814,31344.58407079646
KYB0460,329,107,9735331,29590.671732522795
KZW0440,1021,0,30211022,29589.639569049952
LAC0178,3015,1702,90533524,30027.702819237147
LAH0228,3049,1294,91256607,29930.01213512627
LAP0982,3008,534,90214824,29991.630319148935
LAY0061,3685,2501,110798736,30067.49959294437
LBD0835,333,229,9888235,29694.3993993994
LBG0803,3026,612,90346464,29856.72967614012
LBW0372,3728,3039,111930334,30024.231223175964
LCK0793,2999,2497,90423204,30151.11837279093
LCL0140,336,235,10019303,29819.354166666668
LDP0854,5410,968,163746937,30267.456007393714
LEG0894,1005,0,30571791,30419.692537313433
LGF0501,4989,1607,150600592,30186.528763279213
LGS0292,428,252,12518249,29248.245327102803
LHC0859,4491,905,134925172,30043.458472500555
LIC0092,2977,1242,88857045,29847.848505206584
LIH0293,334,228,10297762,30831.622754491018
LJF0620,5027,3719,149968275,29832.559180425702
LJV0743,5038,3516,150347868,29842.768558951964
LKD0080,3675,0,110679108,30116.764081632653
LKF0851,4330,893,130899954,30230.93625866051
LKH0051,8525,4460,256662800,30107.073313782992
LKM0355,3524,2062,105523225,29944.161464245175
LLC0645,1018,321,30864846,30319.102161100196
LLM0211,4648,2302,139418752,29995.428571428572
LMB0271,3340,2964,99381161,29754.83862275449
LMD0218,3664,642,110192624,30074.40611353712
LMP0113,3004,1252,90090941,29990.32656458056
LOC0377,2727,0,81780120,29989.04290429043
LPH0662,4721,3505,140909561,29847.39694979877
LPR0099,1943,1230,58920622,30324.560988162633
LPW0545,2990,1655,88464734,29586.86755852843
LRG0155,5146,2923,154109191,29947.374854255733
LRH0563,3038,0,90958907,29940.390717577353
LRK0423,3000,2370,90441560,30147.18666666667
LRK0511,1004,783,30141293,30021.20816733068
LRK0890,1007,832,30655239,30442.14399205561
LRP0572,207,99,5954560,28765.99033816425
LSH0478,5061,3723,151758236,29985.82019363762
LSW0496,5047,832,150941484,29907.169407568854
LUF0441,1024,578,30401823,29689.2802734375
LVG0557,3014,2526,90824263,30134.128400796282
LVN0232,3057,1306,91817889,30035.29244357213
LVW0642,991,0,30194468,30468.686175580224
LWB0971,344,213,10153470,29515.9011627907
LWG0681,3528,686,106210311,30104.96343537415
LWP0626,5016,2728,149425200,29789.712918660287
LXT0804,3019,1141,90663931,30031.113282543887
LZJ0215,4690,2418,140925221,30048.021535181237
MAM0306,81,88,2443382,30165.20987654321
MAP0627,5032,0,151566573,30120.54312400636
MAS0752,5061,1806,152725944,30177.029045643154
MAT0892,1009,0,30502317,30230.24479682854
MBA0736,5071,0,152466750,30066.407020311577
MBC0019,3691,0,111556524,30223.92955838526
MBF0635,1015,649,30594565,30142.428571428572
MBG0838,339,98,10314622,30426.613569321533
MBJ0853,6764,1236,202687974,29965.69692489651
MCF0179,3687,2415,111105933,30134.508543531327
MCG0130,1003,773,30242715,30152.25822532403
MCS0535,999,393,30776532,30807.339339339338
MDA0815,3053,643,91131955,29849.968883065838
MDO0081,3016,1359,90588898,30036.10676392573
MEH0927,2765,0,82413146,29805.839421338154
MFG0430,2979,2554,88722633,29782.689828801613
MFR0433,3028,2298,90659793,29940.48645970938
MHD0984,3040,586,90934185,29912.560855263157
MHM0468,337,132,10215951,30314.39465875371
MHR0057,3697,724,111912406,30271.14038409521
MHY0347,1005,245,30481913,30330.261691542288
MIP0183,1012,0,29779976,29426.853754940712
MJB0905,1010,753,30258445,29958.856435643564
MJH0310,5072,0,153754963,30314.464313880126
MJM0553,3031,1596,91809559,30290.18772682283
MJV0391,2998,1972,90950558,30337.077384923283
MKH0726,5070,1830,152160697,30011.971794871795
MKK0616,4653,2702,139776985,30040.18590156888
MKP0866,6637,1364,199749063,30096.28793129426
MKV0723,333,0,9885642,29686.61261261261
MLB0010,6095,1207,184256872,30230.823954060706
MLB0558,3004,951,89714991,29865.17676431425
MLF0962,336,221,9951454,29617.42261904762
MLG0821,334,74,10021522,30004.556886227543
MLU0911,4672,1679,141066787,30194.08968321918
MLW0987,2986,2000,89851925,30091.066644340255
MMF0102,2126,0,63917598,30064.721542803385
MMR0298,332,164,10162108,30608.75903614458
MNC0874,5053,3897,152541827,30188.368691866217
MNF0048,3717,1429,111244973,29928.69868173258
MRH0484,4999,1037,150088042,30023.613122624523
MRP0640,1004,543,29986461,29866.993027888446
MRS0180,1004,264,30318447,30197.656374501992
MRT0285,3021,1106,90378204,29916.651439920555
MSC0670,3010,606,90387576,30029.095016611296
MSD0917,2996,672,90314923,30145.167890520694
MSM0045,3677,2647,110015883,29920.011694316017
MSN0534,1015,0,30275090,29827.67487684729
MST0193,3685,2054,111113370,30152.88195386703
MSW0074,3876,2431,116718500,30113.13209494324
MTR0674,3031,1849,91436824,30167.213460903993
MUS0532,1015,531,29794730,29354.41379310345
MVL0162,3678,2622,110929225,30160.202555736814
MWM0964,334,159,10000809,29942.541916167665
MWO0818,3026,1059,90649767,29956.96199603437
MXB0675,2879,2373,85666262,29755.56165335186
MXS0165,3744,1336,112650194,30088.192841880344
MYD0383,2995,2399,89752728,29967.521869782973
MZG0328,1238,801,37779370,30516.453957996768
NAM0781,1002,597,30094589,30034.51996007984
NAY0604,6574,1330,198458691,30188.422725889868
NCC0144,3033,1129,91982509,30327.236729310913
NCT0467,336,275,10250279,30506.782738095237
NCT0845,445,263,13317750,29927.52808988764
NCY0887,1002,738,30272391,30211.967065868263
NEB0688,3930,2312,117464937,29889.296946564886
NGB0429,3020,1376,90855313,30084.540728476823
NGG0630,5074,4043,153575940,30267.232952305872
NHM0265,2986,651,89355036,29924.660415271264
NHM0858,5035,1145,150879190,29966.075471698114
NIF0303,331,254,9650792,29156.471299093657
NIF0591,334,143,10059224,30117.437125748504
NJH0386,2999,656,90140535,30056.86395465155
NKG0573,341,205,10311851,30240.032258064515
NLC0217,3671,0,109851689,29924.186597657314
NLG0552,2999,1338,90374931,30135.022007335778
NLR0637,1007,673,30314405,30103.67924528302
NMM0407,3007,2316,89657458,29816.248087795146
NMP0559,3019,0,89823891,29752.862206028487
NMR0770,1007,416,30653123,30440.042701092352
NMT0169,5344,1040,161075189,30141.315306886227
NPA0366,3376,2769,101315752,30010.590047393365
NPS0850,330,55,9866623,29898.857575757575
NQM0447,331,80,9934199,30012.68580060423
NRC0965,336,237,10116963,30110.008928571428
NSB0658,997,678,29771822,29861.406218655968
NSL0963,339,180,10293289,30363.68436578171
NSP0461,337,0,10070528,29882.872403560832
NTB0684,4045,2431,121066059,29929.804449938194
NTC0266,2988,0,89163839,29840.642235609102
NUJ0597,330,279,10021590,30368.454545454544
NVK0088,3003,634,89951054,29953.730935730935
NWS0015,6046,2495,181806104,30070.47700959312
OAW0259,2996,1837,89923558,30014.538718291056
OCH0195,4289,2869,128542644,29970.306365120075
OES0588,336,0,10193610,30338.125
OES0867,5040,1031,151151989,29990.474007936507
OHW0590,333,72,10231341,30724.747747747748
OJC0290,340,0,10115148,29750.435294117648
OMM0111,1008,182,30266010,30025.803571428572
OMM0493,5056,1104,151666849,29997.398931962027
OMM0877,5086,1890,150378644,29567.173417223752
OPM0980,3685,1428,110313574,29935.840976933516
OPP0624,4953,858,149091148,30101.180698566524
ORH0742,5062,938,151646357,29957.794745160016
ORR0977,3695,0,111034083,30049.81948579161
OSA0109,3031,1142,92060778,30373.070933685252
OSF0896,1266,826,38184243,30161.329383886256
OSH0878,5039,2788,151278922,30021.615796785078
OSW0680,3001,1232,90119444,30029.80473175608
OTC0985,2972,1071,89775290,30207.028936742932
OTH0763,1001,0,30369122,30338.783216783217
OWM0021,541,292,15812039,29227.428835489834
OWS0582,330,0,10042685,30432.378787878788
PAB0788,998,406,29772629,29832.29358717435
PAC0701,336,232,10149173,30205.872023809523
PBA0617,4990,0,149867964,30033.66012024048
PBA0785,1018,0,30367095,29830.152259332022
PBM0839,336,81,9699494,28867.541666666668
PBW0755,5076,3900,152560759,30055.311071710006
PCB0167,3688,724,110340673,29918.837581344902
PDA0598,39,11,1023429,26241.76923076923
PDF0857,5352,1090,160253832,29942.793721973096
PHD0571,368,220,10759804,29238.597826086956
PHJ0041,4566,2547,137197833,30047.70762155059
PJA0502,4720,3020,140954039,29863.143855932205
PJP0718,336,153,10217586,30409.48214285714
PKM0914,3053,1325,91438270,29950.30134294137
PML0132,340,101,10229854,30087.805882352943
PMP0295,333,88,9906157,29748.21921921922
PMP0579,400,0,12143247,30358.1175
PNF0714,336,146,10132214,30155.39880952381
PWS0219,3672,1934,110835245,30183.890250544664
PZM0602,5072,896,152162059,30000.405954258677
QBP0058,3034,592,91543327,30172.48747528016
QCM0083,3014,0,89722747,29768.66191108162
QDM0820,2871,1152,84729595,29512.223963775687
QJP0843,337,135,10156973,30139.38575667656
QKM0504,1179,534,35432086,30052.659881255302
QLA0719,330,216,10004075,30315.378787878788
QRB0456,332,243,9909618,29848.246987951807
QVM0638,1012,373,29998718,29643.001976284584
RAC0613,5054,2794,152140996,30103.08587257618
RAC0724,338,0,10456078,30935.14201183432
RAD0506,998,0,29592944,29652.248496993987
RAP0229,3003,0,89527517,29812.692973692974
RAW0946,334,243,10235304,30644.622754491018
RBM0136,455,319,13492490,29653.824175824175
RBM0531,1000,755,30092799,30092.799
RBW0891,1004,528,30276255,30155.632470119523
RCF0671,3023,1768,90741051,30016.887528944757
RCH0459,331,204,10011172,30245.232628398793
RCH0961,51,34,1542430,30243.725490196077
REW0551,3031,1673,90791416,29954.277796106897
RFW0999,3347,666,100253439,29953.22348371676
RHM0148,5817,3807,174901054,30067.22606154375
RHR0842,335,117,9820979,29316.355223880597
RJB0395,3049,1167,91257953,29930.453591341422
RJC0035,4689,903,141022794,30075.23864363404
RJC0828,333,0,9946043,29867.996996996997
RJH0297,335,0,10364525,30938.880597014926
RJJ0177,3681,1442,109581388,29769.46155935887
RJL0749,5060,2055,152812173,30200.03418972332
RJV0516,1014,0,29998103,29583.928007889546
RKR0773,1014,584,30858865,30432.805719921103
RLB0577,144,0,4373426,30371.01388888889
RLC0455,340,0,9932668,29213.729411764707
RLD0189,3676,0,110358443,30021.33922742111
RLL0299,335,169,9866047,29450.88656716418
RLV0997,3045,0,92207726,30281.683415435138
RLW0754,5086,954,153289310,30139.463232402675
RMB0312,5029,2637,150263234,29879.34658977928
RMC0525,997,196,30201239,30292.115346038114
RMC0775,1010,716,30558879,30256.315841584157
RMH0406,3032,0,91233158,30090.091688654353
RMK0327,4173,710,125924389,30175.985861490535
RMM0540,3718,2199,112227934,30185.027972027972
RMS0523,1007,688,30054491,29845.571996027804
ROG0392,1104,211,33405467,30258.57518115942
ROM0120,3307,1866,100874463,30503.315089204716
RQC0633,1004,344,29810678,29691.910358565736
RQL0076,6036,1108,181862466,30129.63320079523
RQV0367,3668,2500,110201721,30044.08969465649
RRD0039,3684,2854,110233854,29922.32736156352
RRF0831,332,241,9925513,29896.123493975905
RRF0873,5351,947,159950586,29891.718557279015
RRP0117,4692,0,141442713,30145.505754475704
RSB0876,5013,2275,150453063,30012.57989228007
RSG0009,3704,1553,110713723,29890.31398488121
RSS0124,3009,610,91160327,30295.888002658692
RSW0692,3045,0,91632229,30092.686042692938
RTA0585,333,115,9727590,29211.981981981982
RTM0485,5109,0,153099994,29966.724212174595
RWH0078,6063,3243,181040425,29859.875474187695
RYR0272,3028,0,90906339,30021.90852047556
SAB0907,1015,380,31022546,30564.084729064038
SAC0955,333,86,10015446,30076.414414414416
SAJ0330,1006,192,29975859,29797.076540755468
SAM0079,6067,1218,182276538,30043.932421295533
SAM0359,4556,2541,136020583,29855.264047410008
SAP0808,3026,1114,91737486,30316.419695968274
SAT0503,7105,1240,213640460,30069.030260380016
SAU0949,333,0,10148974,30477.3993993994
SBA0301,340,257,9838954,28938.1
SBC0231,3053,0,91596800,30002.227317392728
SBF0810,3016,614,89470683,29665.345822281168
SBJ0968,263,231,7847998,29840.296577946767
SBR0157,3019,2107,90483955,29971.498840675722
SBS0338,1012,533,29921092,29566.296442687748
SBS0827,335,147,10014145,29892.97014925373
SCF0361,3719,1561,111408782,29956.650174778166
SDF0227,3054,0,91877599,30084.3480681074
SDG0697,37,12,1169989,31621.324324324323
SDH0026,3026,1890,90239983,29821.540978189027
SDM0375,3723,3065,112551950,30231.520279344615
SEH0738,5046,0,151624375,30048.429449068568
SFD0787,4678,2855,141456519,30238.674433518598
SGH0371,3701,2788,111607198,30155.95730883545
SGH0786,4690,1713,140356486,29926.756076759062
SGW0846,327,132,10093556,30867.14373088685
SHC0237,3018,1320,90784805,30081.11497680583
SHE0416,2946,0,88607774,30077.316361167686
SHK0822,332,0,9840562,29640.246987951807
SHO0687,3007,0,89523799,29771.79880279348
SHP0700,337,261,9941857,29501.05934718101
SHW0333,1009,607,30652278,30378.868186323092
SIK0164,3037,2133,91059573,29983.395785314457
SIP0543,2982,634,89418961,29986.23775989269
SIS0806,3281,649,98820302,30118.958244437672
SJB0708,337,135,10023544,29743.454005934716
SJB0834,337,0,10191538,30241.952522255193
SJH0583,329,293,9889629,30059.662613981764
SJM0205,3030,620,91111731,30069.87821782178
SKB0778,1013,0,30193212,29805.7374136229
SKC0517,1001,752,29935538,29905.632367632366
SKM0491,5015,0,149763634,29863.13738783649
SKP0255,2970,1266,89483729,30129.201683501684
SKR0141,3735,2785,111701591,29906.71780455154
SLD0868,5077,2008,153032759,30142.35946425054
SLS0323,6287,3051,189131169,30082.896293939877
SMG0950,406,329,12222054,30103.581280788178
SMH0358,1099,864,33175273,30186.78161965423
SMK0625,5002,1148,150353146,30058.60575769692
SMS0457,335,65,10262314,30633.77313432836
SMS0967,339,0,10273380,30304.95575221239
SNG0400,1495,268,44940689,30060.66153846154
SNM0190,4667,1878,140280696,30058.002142704092
SNS0599,334,134,9922771,29708.895209580838
SOB0760,1082,528,32746189,30264.5
SOJ0269,2994,0,89589861,29923.133266533066
SPG0647,998,312,30366114,30426.967935871744
SPH0487,5005,2222,149978238,29965.68191808192
SPL0791,3025,1173,90492543,29914.890247933883
SPN0913,1017,547,29913613,29413.58210422812
SPR0287,3198,1653,96598925,30206.042839274545
SPW0142,4090,2061,122956091,30062.613936430316
SRB0289,339,0,10083213,29743.991150442478
SRF0199,198,150,5934579,29972.621212121212
SRM0973,335,0,10042982,29979.05074626866
SRR0291,350,93,10280086,29371.674285714285
SRR0756,1000,581,29894756,29894.756
SRS0159,6100,3644,182619229,29937.578524590164
SSB0926,3014,676,90097545,29893.01426675514
SSD0733,5054,0,151768049,30029.293430945785
SSG0256,2981,1173,89831121,30134.559208319355
SSH0922,3043,1806,90425497,29715.90437068682
SSP0918,3034,487,90682849,29888.875741595253
SSS0393,3006,606,89398023,29739.86127744511
SSW0318,6274,4167,186783091,29770.974019764108
STD0204,3739,666,112974645,30215.20326290452
STD0242,3008,614,90261131,30007.02493351064
STY0991,3029,2226,90969975,30033.005942555297
SWS0152,3732,0,112446259,30130.29448017149
TAB0797,2991,1212,89537213,29935.54429956536
TAC0118,4672,3701,140724146,30120.750428082192
TAR0173,4999,2565,149548683,29915.71974394879
TBE0137,328,0,10200972,31100.524390243903
TBE0939,3012,0,90123655,29921.53220451527
TBS0474,338,123,10250974,30328.325443786984
TBW0006,9064,5355,272347295,30047.141990291264
TCS0325,5004,3881,150618734,30099.667066346923
TDP0059,3031,2160,90648283,29907.054767403497
TDS0246,3089,731,93050873,30123.299773389448
TDW0935,3008,0,89157458,29640.112367021276
TFF0446,341,0,10099302,29616.721407624635
TGC0296,329,0,9830385,29879.589665653497
TGR0912,5653,2731,167788556,29681.329559525915
THH0741,4981,1030,148474328,29808.13651877133
THN0122,3014,1914,90887080,30154.9701393497
TIF0319,5011,2713,151205259,30174.667531430852
TIH0348,4735,0,141886851,29965.54403379092
TIJ0389,3054,1657,92419687,30261.84905042567
TJI0587,338,77,9882302,29237.579881656806
TJN0800,2960,2166,89445700,30218.141891891893
TKG0539,4685,847,139979502,29878.228815368195
TLD0884,1005,0,30752616,30599.61791044776
TLN0274,3044,1531,91169500,29950.558475689882
TLS0216,3688,0,111457286,30221.6068329718
TNA0036,4656,0,139838825,30034.11189862543
TNS0600,411,97,12611687,30685.3698296837
TOB0336,1007,0,30402773,30191.432969215493
TOG0025,4651,0,139488348,29991.04450655773
TOM0494,5103,1788,153683969,30116.39604154419
TRA0870,5034,793,149474146,29692.917361938817
TRB0663,1007,0,30373186,30162.051638530287
TRH0056,3030,2251,90508419,29870.765346534652
TRK0066,3686,1596,110759631,30048.733315246882
TSK0646,819,690,24252241,29612.015873015873
TTA0690,3045,2419,91575801,30074.154679802956
TTC0966,336,0,10321289,30718.122023809523
TVJ0250,2981,2121,89153316,29907.18416638712
TVM0628,5029,3928,151198652,30065.35136209982
TXN0792,3034,1636,91929627,30299.811140408703
TYM0307,338,130,10099926,29881.437869822486
UHJ0555,3025,651,90945789,30064.723636363637
UKW0920,2284,1718,68659798,30061.207530647986
UMB0471,337,245,10121442,30033.952522255193
USS0126,3030,0,90806295,29969.074257425742
UUT0880,5006,2878,150329184,30029.801038753496
VCG0488,5016,1738,151803182,30263.792264752792
VCH0712,337,275,10078122,29905.40652818991
VEM0464,336,106,10197176,30348.738095238095
VGJ0098,2492,0,74144047,29752.827849117173
VHS0426,1264,691,38421997,30397.149525316454
VHS0606,5069,3642,152908401,30165.397711580194
VJO0580,324,133,10046791,31008.614197530864
VKD0415,2973,1168,88178858,29659.89169189371
VKH0776,1010,398,30501951,30199.951485148515
VLW0512,1012,525,29723692,29371.237154150196
VNR0721,314,0,9700680,30893.885350318473
VPS0324,5030,0,150200476,29860.9296222664
VSG0016,3884,2362,116863870,30088.535015447993
VTD0813,1701,1072,50256744,29545.410934744268
VUS0345,615,0,18448150,29996.9918699187
VWK0541,3074,1794,92244372,30007.92843201041
WAB0277,2989,2212,89347311,29892.041150886584
WAM0634,1333,228,40282120,30219.14478619655
WBF0437,3035,545,92017607,30318.816144975288
WCR0044,4406,2658,132033841,29966.82728098048
WDB0872,4656,3363,139112968,29878.214776632303
WDP0639,651,246,19531433,30002.20122887865
WDY0764,1003,0,30176736,30086.47657028913
WEH0432,2998,2459,89712036,29923.96130753836
WFB0489,5081,1871,152688346,30050.84550285377
WGB0871,4983,3824,149932857,30088.873570138472
WIW0194,3711,3133,111099954,29938.009700889248
WJF0819,3055,0,91472625,29941.93944353519
WJH0064,2136,1141,63946439,29937.471441947564
WLB0353,1008,238,30671953,30428.5248015873
WMF0717,442,362,13239781,29954.2556561086
WMG0258,3038,0,91775689,30209.245885450953
WMH0615,5526,1085,165783592,30000.650018096272
WQB0722,335,173,9964166,29743.779104477613
WRC0885,1009,569,30489776,30217.815659068383
WRM0233,3033,0,90106861,29708.823277283216
WSA0817,3034,1858,91172992,30050.42584047462
WTR0529,994,493,29622943,29801.75352112676
WUP0979,3679,2913,110885445,30140.104648002176
WVF0562,3010,1051,91196813,30297.944518272427
WVT0071,3024,0,90242353,29842.04794973545
XAD0994,3047,1009,91196247,29929.8480472596
XAM0725,332,0,10096541,30411.268072289156
XCW0974,4408,2298,131064460,29733.316696914702
XDF0261,3011,0,90217950,29962.78644968449
XFS0247,2997,1810,89666278,29918.678011344677
XMA0305,335,70,10011275,29884.402985074626
XMB0730,5065,0,152713811,30150.801776900294
XRM0479,5017,1062,151229702,30143.45266095276
XYR0049,6066,2001,181052289,29847.063798219584
YAA0548,2978,0,88368794,29673.873069173944
YBP0252,2990,2481,89952238,30084.360535117055
YJB0758,1001,0,30063128,30033.094905094906
YLW0544,2997,2293,90133572,30074.598598598597
YOF0729,5394,3133,162135601,30058.50964034112
YPB0925,3365,2236,101736028,30233.58930163447
YRB0644,1000,408,30373325,30373.325
YVD0093,3005,0,89919248,29923.21064891847
ZAM0972,332,0,9692145,29193.2078313253
ZBD0847,335,81,10383382,30995.170149253732
ZCJ0747,5068,988,152708444,30131.89502762431
ZDH0816,2987,2107,89222974,29870.429862738532
ZGN0957,334,129,9946792,29780.814371257486
ZPG0202,4770,2517,143688343,30123.342348008387
ZSS0047,3637,2930,108669725,29878.94555952708
