user,login_count
AAB0224,1359
AAD0986,346
AAH0706,346
AAR0566,346
AAT0419,623
ABB0427,184
ABC0207,346
ABD0879,677
ABS0840,346
ACB0578,346
ACB0864,346
ACD0744,346
ACG0789,346
ACH0737,346
ACM0091,346
ACM0931,776
ACR0280,403
ACS0705,346
ACT0844,729
ACW0260,346
ACW0382,346
AEB0275,346
AEH0281,346
AEH0387,346
AEO0038,1433
AEW0655,346
AFB0798,346
AFP0901,614
AGH0396,733
AGM0783,346
AHF0181,637
AHM0795,738
AHR0528,766
AIB0988,346
AIH0090,346
AJB0513,346
AJH0483,346
AJH0734,645
AJJ0621,607
AJT0134,666
AJW0342,478
AKG0103,346
AKH0924,346
AKM0264,346
AKM0495,614
AKQ0686,620
AKS0812,346
ALG0082,693
ALH0731,346
ALK0315,346
AMB0288,646
AMH0388,614
AMJ0727,346
AMR0027,507
AMW0072,786
AMZ0993,281
ANC0037,467
ANC0040,1378
APM0794,346
ARS0405,346
ARS0549,570
ART0659,346
ASC0636,346
ASD0077,346
ASF0450,615
ASH0225,1417
ASW0368,1404
ATB0075,370
ATC0286,346
ATK0902,345
ATM0889,346
ATP0664,368
AUH0522,346
AUS0412,346
AUT0313,784
AVW0409,613
AWG0170,337
AXW0121,346
AYA0403,918
AYG0410,621
AYM0107,346
AYW0772,674
BAG0449,346
BAM0135,346
BBS0032,346
BBW0463,506
BCA0609,346
BCB0186,210
BCC0335,346
BCC0825,616
BCE0013,440
BCE0425,346
BCF0309,614
BCH0676,646
BCL0002,346
BCO0270,346
BCS0212,659
BEF0278,346
BFF0257,670
BFM0761,352
BFN0452,346
BGD0030,621
BGD0554,617
BGR0223,1675
BGW0394,364
BHV0556,936
BIM0294,460
BIS0856,710
BJH0900,346
BJS0097,392
BJW0369,1724
BKC0344,614
BKF0481,346
BKO0594,346
BLG0869,705
BLW0992,683
BMB0657,346
BMV0969,396
BNB0746,362
BNO0995,53
BOR0893,346
BOW0011,346
BPC0693,616
BQM0953,346
BRR0245,346
BSH0514,401
BSO0745,89
BTB0254,346
BTH0930,706
BTM0477,203
BTM0865,776
BTP0147,611
BTS0268,346
BUC0063,650
BUL0575,630
BVM0909,610
BWR0897,346
BYH0314,346
BZS0711,346
CAB0538,346
CAB0569,346
CAB0691,353
CAC0244,346
CAF0622,346
CAF0830,743
CAH0695,622
CAH0932,346
CAJ0283,629
CAL0469,346
CAM0750,346
CAN0629,346
CAO0060,619
CAP0945,346
CAS0715,346
CAW0160,346
CAY0024,346
CBJ0720,346
CBN0480,346
CBP0445,120
CCE0322,705
CCF0150,346
CCG0050,631
CCG0138,346
CCH0439,346
CCM0069,345
CCM0732,413
CCN0611,737
CCP0472,811
CCS0005,346
CCV0520,648
CCW0209,975
CCZ0801,346
CDL0364,1341
CDM0332,469
CEC0448,346
CGO0668,346
CGP0849,869
CHP0443,346
CIH0704,608
CJA0710,346
CJD0114,636
CJG0899,383
CJL0436,165
CJM0243,351
CJS0906,611
CKB0641,463
CKH0125,708
CKH0187,704
CKH0363,1397
CKN0515,642
CKO0978,346
CKR0339,346
CLB0875,346
CLB0970,624
CLL0475,346
CLM0462,705
CLR0343,346
CLT0683,346
CMB0273,306
CMC0823,346
CMG0936,618
CMG0958,377
CMH0589,925
CMH0673,638
CMH0996,346
CMP0740,346
CMW0482,346
CNA0033,346
CNC0235,346
CNO0239,346
COB0411,346
CPB0401,346
CPC0679,465
CPM0326,855
CQG0603,346
CRF0139,346
CRH0101,346
CRS0346,287
CSC0373,1048
CSD0234,346
CSK0084,346
CSM0631,492
CSO0404,346
CSQ0133,346
CSS0046,1500
CSW0526,623
CTC0119,713
CTS0085,617
CVF0020,950
CWL0357,1372
CWM0042,1579
CWS0153,370
CWW0017,610
CYG0689,717
CYT0527,346
DAC0128,346
DAS0943,739
DBC0832,346
DBF0378,346
DBW0282,621
DCB0413,346
DCH0809,346
DCR0089,468
DDA0185,648
DDF0352,346
DDF0592,346
DDM0650,346
DDW0976,346
DEL0161,495
DFH0356,1680
DGM0533,837
DGR0769,346
DGS0220,1436
DJC0796,346
DJG0171,346
DJL0172,630
DJM0521,346
DJP0146,346
DLB0852,615
DLU0276,346
DMR0116,476
DNB0028,346
DNC0774,174
DNH0023,614
DNM0767,703
DNM0886,251
DOK0341,713
DOO0112,346
DPP0510,627
DPR0442,609
DQH0709,346
DRC0915,689
DRG0536,346
DRJ0685,720
DRP0222,1364
DSB0210,346
DSC0751,612
DSM0263,640
DSR0490,72
DSR0614,787
DTD0154,619
DTD0184,615
DWB0236,380
DWO0241,346
DWV0888,346
DYR0956,346
EAC0881,346
EAW0253,350
EBF0805,346
EBS0397,375
ECD0610,346
ECM0004,449
ECM0654,414
ECP0519,345
ECW0454,628
EDM0192,630
EDS0923,697
EHM0656,346
EIF0451,346
EIM0919,731
EJM0304,345
EJM0952,744
EKM0667,610
EKN0665,617
EKR0933,35
ELI0316,617
ELJ0777,346
ELV0677,255
EMA0586,346
EMB0176,245
ENK0530,346
EOH0947,742
ERG0014,346
ERI0855,346
ESM0937,101
ESR0841,346
ETR0438,346
ETS0476,69
EVC0546,346
EWE0055,694
EYC0203,614
EYE0188,675
EZC0251,713
EZR0547,346
FAM0784,346
FAM0951,346
FAR0632,346
FAS0100,346
FBB0213,346
FBM0537,762
FCG0716,636
FCZ0940,346
FIB0151,346
FJH0267,820
FLC0370,1397
FMR0062,346
FNH0249,357
FOB0284,97
FOK0402,346
FPN0308,345
FRG0349,346
FSD0453,346
FWD0759,346
GAG0238,346
GAM0486,345
GAM0895,318
GAN0509,777
GAW0814,97
GBG0862,346
GBH0790,656
GBM0007,460
GCC0380,346
GCH0567,768
GCH0698,390
GCN0941,346
GDP0921,346
GEK0666,697
GES0960,346
GFL0196,369
GFM0735,654
GGB0550,346
GHG0576,113
GHJ0428,448
GIB0230,632
GJG0070,346
GJM0417,821
GKD0574,346
GKP0331,346
GKS0198,613
GLP0981,346
GLR0612,635
GLY0989,626
GMS0954,346
GPB0340,486
GPR0883,437
GPT0191,346
GQE0018,346
GRG0561,615
GSP0669,713
GTC0106,632
GWP0206,346
GWV0408,346
HAB0094,628
HAC0779,626
HAK0418,346
HBC0713,346
HBM0350,407
HCH0384,405
HCT0682,346
HDG0381,643
HDH0214,951
HDW0765,346
HEH0904,765
HES0399,346
HES0570,688
HFC0492,441
HFR0434,613
HGG0458,346
HGM0226,404
HHA0699,175
HHB0105,346
HHB1000,346
HKB0608,717
HKD0507,739
HKD0863,346
HKH0329,346
HKH0707,453
HKS0065,620
HMW0829,346
HMY0498,275
HNC0052,335
HNS0376,623
HRP0605,615
HRY0317,346
HSD0354,346
HSS0108,922
HWL0565,346
HWW0175,655
HXD0560,498
HYM0837,346
IAF0998,340
IAG0043,1395
IAJ0882,346
IAM0908,438
IAT0143,346
IBC0320,346
IBP0601,422
ICF0824,346
IDM0916,673
IEC0034,346
IEH0096,346
IES0158,346
IEV0003,606
IHH0595,346
IJV0012,346
IJW0508,611
IJW0748,346
ILW0757,346
IMO0780,346
IMV0086,815
INB0068,346
INB0959,614
INJ0422,622
IOW0129,346
IPB0360,1399
IRB0398,346
IRG0001,391
IRG0163,346
IRG0470,346
IWG0542,346
IXH0619,346
JAB0694,620
JAC0321,346
JAF0300,346
JAL0618,346
JBA0421,346
JBG0990,621
JBO0420,510
JBW0623,615
JCH0385,701
JCP0564,727
JCT0334,346
JDH0115,346
JEC0568,436
JFW0929,346
JGA0302,346
JGB0499,416
JHB0073,610
JHF0505,648
JHH0362,1373
JHK0221,1404
JIS0643,114
JJB0649,346
JJF0833,346
JJK0934,629
JKA0374,1382
JKB0029,346
JKN0431,346
JKP0596,851
JKT0807,346
JLN0022,346
JLP0053,346
JLP0975,619
JLR0351,346
JLS0802,742
JLS0948,723
JLT0593,707
JLW0652,346
JMS0067,633
JNB0156,346
JNL0898,346
JNW0414,623
JPB0031,346
JPR0518,247
JRB0584,606
JRC0983,346
JRO0811,346
JRW0651,615
JSC0054,346
JSC0123,616
JSC0836,636
JSM0860,346
JTA0497,614
JTF0661,346
JVA0208,346
JVH0928,708
JWF0768,346
JWP0240,346
JXC0672,346
JXF0248,613
JYC0762,346
JZM0149,346
KAB0337,346
KAB0942,395
KAD0703,426
KAH0848,687
KAW0424,636
KBD0201,854
KCP0465,346
KCS0607,708
KDB0660,346
KDB0753,346
KDD0104,366
KDG0200,345
KDH0466,640
KDR0131,346
KDW0910,346
KES0127,346
KEW0174,792
KFC0739,355
KFH0728,346
KGB0766,346
KHD0782,401
KHF0903,346
KIW0087,375
KJH0166,346
KJH0444,806
KJK0279,640
KKB0938,615
KKI0435,28
KKM0182,346
KKR0145,346
KLC0653,346
KLM0524,611
KLN0861,608
KLW0944,264
KMF0771,779
KNG0390,346
KNG0826,346
KNM0008,824
KNM0095,603
KNW0500,346
KOL0702,876
KOM0197,346
KQG0168,346
KQL0262,346
KRP0648,345
KSF0379,732
KSP0110,346
KSS0799,346
KTW0365,519
KVD0311,346
KVG0678,616
KVV0581,613
KWM0696,615
KXH0473,346
KYB0460,346
KZW0440,345
LAC0178,749
LAH0228,346
LAP0982,709
LAY0061,812
LBD0835,345
LBG0803,346
LBW0372,1420
LCK0793,346
LCL0140,726
LDP0854,346
LEG0894,346
LGF0501,346
LGS0292,902
LHC0859,644
LIC0092,346
LIH0293,618
LJF0620,629
LJV0743,346
LKD0080,346
LKF0851,298
LKH0051,889
LKM0355,812
LLC0645,346
LLM0211,615
LMB0271,724
LMD0218,1425
LMP0113,346
LOC0377,316
LPH0662,672
LPR0099,459
LPW0545,372
LRG0155,983
LRH0563,346
LRK0423,455
LRK0511,346
LRK0890,625
LRP0572,288
LSH0478,369
LSW0496,686
LUF0441,661
LVG0557,737
LVN0232,346
LVW0642,346
LWB0971,724
LWG0681,890
LWP0626,625
LXT0804,346
LZJ0215,735
MAM0306,146
MAP0627,346
MAS0752,617
MAT0892,430
MBA0736,346
MBC0019,346
MBF0635,756
MBG0838,346
MBJ0853,437
MCF0179,624
MCG0130,463
MCS0535,346
MDA0815,351
MDO0081,628
MEH0927,316
MFG0430,736
MFR0433,346
MHD0984,346
MHM0468,346
MHR0057,426
MHY0347,346
MIP0183,346
MJB0905,725
MJH0310,346
MJM0553,659
MJV0391,614
MKH0726,346
MKK0616,703
MKP0866,857
MKV0723,346
MLB0010,346
MLB0558,346
MLF0962,779
MLG0821,761
MLU0911,615
MLW0987,695
MMF0102,243
MMR0298,346
MNC0874,616
MNF0048,346
MRH0484,356
MRP0640,625
MRS0180,759
MRT0285,346
MSC0670,346
MSD0917,346
MSM0045,1384
MSN0534,346
MST0193,617
MSW0074,670
MTR0674,691
MUS0532,621
MVL0162,441
MWM0964,346
MWO0818,346
MXB0675,328
MXS0165,346
MYD0383,616
MZG0328,795
NAM0781,616
NAY0604,452
NCC0144,346
NCT0467,346
NCT0845,846
NCY0887,628
NEB0688,744
NGB0429,622
NGG0630,619
NHM0265,364
NHM0858,346
NIF0303,451
NIF0591,346
NJH0386,346
NKG0573,446
NLC0217,1388
NLG0552,464
NLR0637,618
NMM0407,346
NMP0559,346
NMR0770,623
NMT0169,364
NPA0366,1754
NPS0850,765
NQM0447,637
NRC0965,458
NSB0658,346
NSL0963,619
NSP0461,346
NTB0684,831
NTC0266,346
NUJ0597,712
NVK0088,346
NWS0015,346
OAW0259,346
OCH0195,735
OES0588,346
OES0867,346
OHW0590,346
OJC0290,346
OMM0111,354
OMM0493,350
OMM0877,346
OPM0980,611
OPP0624,623
ORH0742,656
ORR0977,345
OSA0109,346
OSF0896,434
OSH0878,653
OSW0680,346
OTC0985,346
OTH0763,346
OWM0021,98
OWS0582,346
PAB0788,346
PAC0701,411
PBA0617,346
PBA0785,346
PBM0839,409
PBW0755,706
PCB0167,345
PDA0598,73
PDF0857,346
PHD0571,602
PHJ0041,2169
PJA0502,401
PJP0718,346
PKM0914,346
PML0132,346
PMP0295,346
PMP0579,346
PNF0714,619
PWS0219,1705
PZM0602,686
QBP0058,346
QCM0083,346
QDM0820,330
QJP0843,346
QKM0504,82
QLA0719,443
QRB0456,618
QVM0638,346
RAC0613,619
RAC0724,346
RAD0506,346
RAP0229,346
RAW0946,438
RBM0136,847
RBM0531,464
RBW0891,735
RCF0671,622
RCH0459,735
RCH0961,105
REW0551,346
RFW0999,689
RHM0148,777
RHR0842,346
RJB0395,346
RJC0035,345
RJC0828,346
RJH0297,346
RJJ0177,346
RJL0749,346
RJV0516,346
RKR0773,638
RLB0577,152
RLC0455,346
RLD0189,346
RLL0299,346
RLV0997,346
RLW0754,346
RMB0312,708
RMC0525,418
RMC0775,346
RMH0406,345
RMK0327,286
RMM0540,940
RMS0523,613
ROG0392,134
ROM0120,637
RQC0633,346
RQL0076,346
RQV0367,1464
RRD0039,1354
RRF0831,620
RRF0873,345
RRP0117,346
RSB0876,346
RSG0009,346
RSS0124,402
RSW0692,346
RTA0585,346
RTM0485,346
RWH0078,616
RYR0272,346
SAB0907,346
SAC0955,346
SAJ0330,346
SAM0079,647
SAM0359,1737
SAP0808,346
SAT0503,487
SAU0949,346
SBA0301,346
SBC0231,346
SBF0810,346
SBJ0968,271
SBR0157,708
SBS0338,631
SBS0827,346
SCF0361,1398
SDF0227,346
SDG0697,37
SDH0026,615
SDM0375,1394
SEH0738,346
SFD0787,730
SGH0371,1381
SGH0786,346
SGW0846,346
SHC0237,346
SHE0416,346
SHK0822,346
SHO0687,346
SHP0700,733
SHW0333,617
SIK0164,613
SIP0543,346
SIS0806,716
SJB0708,346
SJB0834,346
SJH0583,628
SJM0205,346
SKB0778,346
SKC0517,618
SKM0491,346
SKP0255,346
SKR0141,684
SLD0868,346
SLS0323,459
SMG0950,861
SMH0358,407
SMK0625,616
SMS0457,345
SMS0967,346
SNG0400,172
SNM0190,346
SNS0599,346
SOB0760,695
SOJ0269,346
SPG0647,346
SPH0487,346
SPL0791,346
SPN0913,638
SPR0287,399
SPW0142,867
SRB0289,346
SRF0199,41
SRM0973,346
SRR0291,668
SRR0756,346
SRS0159,637
SSB0926,346
SSD0733,346
SSG0256,346
SSH0922,421
SSP0918,346
SSS0393,346
SSW0318,767
STD0204,430
STD0242,461
STY0991,617
SWS0152,346
TAB0797,346
TAC0118,742
TAR0173,637
TBE0137,346
TBE0939,346
TBS0474,346
TBW0006,346
TCS0325,621
TDP0059,346
TDS0246,406
TDW0935,346
TFF0446,346
TGC0296,346
TGR0912,874
THH0741,346
THN0122,642
TIF0319,405
TIH0348,347
TIJ0389,647
TJI0587,346
TJN0800,612
TKG0539,346
TLD0884,346
TLN0274,672
TLS0216,1389
TNA0036,346
TNS0600,755
TOB0336,346
TOG0025,346
TOM0494,346
TRA0870,383
TRB0663,346
TRH0056,346
TRK0066,346
TSK0646,281
TTA0690,346
TTC0966,346
TVJ0250,733
TVM0628,624
TXN0792,720
TYM0307,346
UHJ0555,346
UKW0920,265
UMB0471,346
USS0126,346
UUT0880,709
VCG0488,346
VCH0712,346
VEM0464,346
VGJ0098,283
VHS0426,283
VHS0606,622
VJO0580,620
VKD0415,346
VKH0776,346
VLW0512,733
VNR0721,318
VPS0324,346
VSG0016,851
VTD0813,198
VUS0345,212
VWK0541,643
WAB0277,684
WAM0634,886
WBF0437,346
WCR0044,2053
WDB0872,620
WDP0639,229
WDY0764,345
WEH0432,446
WFB0489,346
WGB0871,614
WIW0194,346
WJF0819,346
WJH0064,248
WLB0353,346
WMF0717,848
WMG0258,346
WMH0615,443
WQB0722,346
WRC0885,609
WRM0233,346
WSA0817,642
WTR0529,620
WUP0979,621
WVF0562,346
WVT0071,346
XAD0994,346
XAM0725,346
XCW0974,763
XDF0261,346
XFS0247,394
XMA0305,346
XMB0730,346
XRM0479,346
XYR0049,345
YAA0548,346
YBP0252,346
YJB0758,346
YLW0544,346
YOF0729,398
YPB0925,809
YRB0644,346
YVD0093,346
ZAM0972,346
ZBD0847,346
ZCJ0747,410
ZDH0816,640
ZGN0957,346
ZPG0202,958
ZSS0047,1636
